-- Latest Prices
INSERT OR REPLACE INTO latest_prices (symbol, name_ko, name_en, current_value, previous_value, change_amount, change_percent, unit, category) VALUES
('SN', '주석', 'Tin', 29500, 28800, 700, 2.43, 'USD/MT', 'metal'),
('AG', '은', 'Silver', 31.25, 30.80, 0.45, 1.46, 'USD/oz', 'metal'),
('PB', '납', 'Lead', 2050, 2020, 30, 1.49, 'USD/MT', 'metal'),
('NI', '니켈', 'Nickel', 16200, 16400, -200, -1.22, 'USD/MT', 'metal'),
('CU', '구리', 'Copper', 8950, 8850, 100, 1.13, 'USD/MT', 'metal'),
('AL', '알루미늄', 'Aluminium', 2380, 2350, 30, 1.28, 'USD/MT', 'metal'),
('USD', '미국 달러', 'US Dollar', 1345.50, 1340.20, 5.30, 0.40, 'KRW', 'exchange'),
('JPY', '일본 엔', 'Japanese Yen', 892.30, 888.50, 3.80, 0.43, 'KRW/100JPY', 'exchange');

-- Monthly Data (2025-01 ~ 2026-02)
INSERT OR REPLACE INTO monthly_data (period, sn, ag, pb, ni, cu, al, ttm_usd, ttm_jpy, sac305, hse16, hse39, hse11, s63, hse100) VALUES
('2025-01', 28200, 29.50, 2100, 16800, 8420, 2520, 1320.5, 870.2, 3850, 4200, 4350, 4100, 3600, 4500),
('2025-02', 28500, 29.80, 2080, 16600, 8500, 2490, 1325.0, 872.5, 3870, 4220, 4370, 4120, 3620, 4520),
('2025-03', 27800, 30.20, 2050, 16500, 8600, 2460, 1330.2, 875.0, 3890, 4250, 4390, 4140, 3640, 4540),
('2025-04', 28100, 30.50, 2030, 16400, 8700, 2440, 1335.5, 878.3, 3920, 4280, 4420, 4160, 3660, 4560),
('2025-05', 28800, 30.10, 2060, 16300, 8750, 2430, 1328.0, 880.1, 3940, 4300, 4440, 4180, 3680, 4580),
('2025-06', 29200, 29.90, 2040, 16200, 8800, 2420, 1332.5, 882.5, 3960, 4320, 4460, 4200, 3700, 4600),
('2025-07', 29500, 30.80, 2020, 16100, 8850, 2410, 1338.0, 885.0, 3980, 4340, 4480, 4220, 3720, 4620),
('2025-08', 29100, 31.20, 2010, 16000, 8900, 2400, 1342.0, 887.5, 4000, 4360, 4500, 4240, 3740, 4640),
('2025-09', 28700, 31.50, 2000, 16100, 8850, 2390, 1340.5, 886.0, 4020, 4380, 4520, 4260, 3760, 4660),
('2025-10', 28900, 31.00, 2010, 16200, 8820, 2380, 1338.5, 884.5, 4040, 4400, 4540, 4280, 3780, 4680),
('2025-11', 29300, 30.60, 2030, 16300, 8780, 2370, 1336.0, 886.2, 4060, 4420, 4560, 4300, 3800, 4700),
('2025-12', 29600, 30.90, 2040, 16350, 8800, 2375, 1340.0, 888.0, 4080, 4440, 4580, 4320, 3820, 4720),
('2026-01', 29200, 31.10, 2045, 16250, 8900, 2380, 1343.0, 890.5, 4100, 4460, 4600, 4340, 3840, 4740),
('2026-02', 29500, 31.25, 2050, 16200, 8950, 2380, 1345.5, 892.3, 4120, 4480, 4620, 4360, 3860, 4760);

-- Quarterly Data
INSERT OR REPLACE INTO quarterly_data (period, sn, ag, pb, ni, cu, al, ttm_usd, ttm_jpy, sac305, hse16, hse39, hse11, s63, hse100) VALUES
('2024-Q1', 26500, 24.80, 2150, 17200, 8200, 2550, 1310.0, 860.0, 3700, 4050, 4200, 3950, 3450, 4350),
('2024-Q2', 27200, 26.50, 2120, 17000, 8300, 2530, 1315.0, 863.5, 3750, 4100, 4250, 4000, 3500, 4400),
('2024-Q3', 27800, 28.20, 2100, 16900, 8350, 2510, 1318.5, 866.0, 3800, 4150, 4300, 4050, 3550, 4450),
('2024-Q4', 28300, 29.00, 2080, 16800, 8420, 2500, 1320.0, 868.5, 3840, 4180, 4330, 4080, 3580, 4480),
('2025-Q1', 28167, 29.83, 2077, 16633, 8507, 2490, 1325.2, 872.6, 3870, 4223, 4370, 4120, 3620, 4520),
('2025-Q2', 28700, 30.17, 2043, 16300, 8750, 2430, 1332.0, 880.3, 3940, 4300, 4440, 4180, 3680, 4580),
('2025-Q3', 29100, 31.17, 2010, 16067, 8867, 2400, 1340.2, 886.2, 4000, 4360, 4500, 4240, 3740, 4640),
('2025-Q4', 29267, 30.83, 2027, 16283, 8800, 2375, 1338.2, 886.2, 4060, 4420, 4560, 4300, 3800, 4700),
('2026-Q1', 29350, 31.18, 2048, 16225, 8925, 2380, 1344.3, 891.4, 4110, 4470, 4610, 4350, 3850, 4750);

-- Annual Data
INSERT OR REPLACE INTO annual_data (period, sn, ag, pb, ni, cu, al, ttm_usd, ttm_jpy, sac305, hse16, hse39, hse11, s63, hse100) VALUES
('2023', 25800, 23.50, 2200, 17500, 8100, 2600, 1300.0, 855.0, 3650, 4000, 4150, 3900, 3400, 4300),
('2024', 27450, 27.13, 2113, 16975, 8318, 2523, 1315.9, 864.5, 3773, 4120, 4270, 4020, 3520, 4420),
('2025', 28825, 30.46, 2039, 16279, 8756, 2416, 1333.9, 881.3, 3968, 4347, 4505, 4243, 3727, 4635),
('2026', 29350, 31.18, 2048, 16225, 8925, 2380, 1344.3, 891.4, 4110, 4470, 4610, 4350, 3850, 4750);

-- Market Issues
INSERT OR REPLACE INTO market_issues (symbol, issue_text, severity, is_active) VALUES
('SN', '미얀마 채굴금지 조치로 공급 불안 지속', 'warning', 1),
('SN', '인도네시아 수출통제 강화', 'warning', 1),
('AG', 'COMEX 재고 급감으로 현물 프리미엄 상승', 'info', 1),
('AG', '태양광 패널 수요 증가로 산업용 수요 확대', 'info', 1),
('USD', '미 연준 금리 인하 불확실성 지속', 'info', 1),
('USD', '미중 무역 갈등 리스크 잠재', 'warning', 1),
('JPY', 'BOJ 금리인상 기조 유지', 'info', 1),
('JPY', '엔캐리 트레이드 청산 가능성', 'warning', 1),
('NI', '인도네시아 니켈 생산 확대로 공급과잉 우려', 'info', 1),
('CU', '글로벌 전기차 수요 증가로 중장기 수요 강세', 'info', 1);

-- News
INSERT OR REPLACE INTO news (title, summary, source, url, published_at, category) VALUES
('LME 주석 가격, 미얀마 공급 불안에 3만달러 돌파 임박', '미얀마 채굴 금지 조치가 장기화되면서 주석 공급 우려가 커지고 있다.', 'Reuters', '#', '2026-02-28', 'metal'),
('은 가격 31달러 돌파, 태양광 수요가 견인', '글로벌 태양광 설치 확대로 은의 산업용 수요가 급증하고 있다.', 'Bloomberg', '#', '2026-02-27', 'metal'),
('원/달러 환율 1,345원대 등락', '미 연준의 금리 정책 불확실성 속에 원/달러 환율이 횡보세를 보이고 있다.', '연합뉴스', '#', '2026-02-26', 'exchange'),
('구리 가격 상승세, 전기차 배터리 수요 확대', '전기차 시장 성장에 따른 구리 수요 증가로 가격이 상승 추세를 유지하고 있다.', 'Metal Bulletin', '#', '2026-02-25', 'metal'),
('SAC305 솔더 가격, 주석 원자재 가격 반영해 상승', '주석 가격 상승이 SAC305 등 무연솔더 가격에 전가되고 있다.', 'Industry Weekly', '#', '2026-02-24', 'solder');
